name,level,refmet_id,refmet_name,biomapper_id,biomapper_name,category
(15:3)-anacardic acid,CURATION,174627,"2-Hydroxy-6-(8,11,14-pentadecatrienyl)benzoic acid",25569,nocardic acid,divergent (different compound)
"(2S,3R,4S,5S,6R)-2-[3-hydroxy-5-[(Z)-2-(4-hydroxyphenyl)ethenyl]phenoxy]-6-(hydroxymethyl)oxane-3,4,5-triol",MS2,76155,cis-piceid,94610,"(2S,3R,4S,5S,6R)-2-[3-hydroxy-5-[2-(4-hydroxyphenyl)ethenyl]phenoxy]-6-(hydroxymethyl)oxane-3,4,5-triol",divergent (different compound)
1 methylhistidine,MS2,70958,1-methylhistidine,27596|50599,N(pros)-methyl-L-histidine | N(tele)-methyl-L-histidine,multi-id (biomapper ambiguous set)
"1,2-propanediol",MS1,16997,"propane-1,2-diol",26288,propanediol,divergent (different compound)
1-(1-enyl-palmitoyl)-GPC (P-16:0),MS2,140773,lysophosphatidylcholine P-16:0,73841,lysophosphatidylcholine (P-16:0/0:0),parent/child or substring (generic vs specific)
1-(1Z-octadecenyl)-sn-glycero-3-phosphocholine,MS2,137889,lysophosphatidylcholine P-18:0,88779,LysoPC P-18:0/0:0,divergent (different compound)
1-methylguanidine,MS2,16628,methylguanidine,189433,1-Methylguanidine hydrochloride,parent/child or substring (generic vs specific)
1-methylxanthine,CURATION,68444,1-methyl-7H-xanthine,68443,1-methylxanthine,divergent (different compound)
12-HHTrE,CURATION,63977,12S-HHTrE,72783,12-HHTrE,parent/child or substring (generic vs specific)
2'-deoxyguanosine 5'-monophosphate (dGMP),MS1,16192,2'-deoxyguanosine 5'-monophosphate,57673,2'-deoxyguanosine 5'-monophosphate(2-),same-molecule variant (stereo/charge/acid-anion)
"2,3-butanediol",MS2,16982,"(R,R)-butane-2,3-diol",62064,"butane-2,3-diol",same-molecule variant (stereo/charge/acid-anion)
"2,3-diphosphoglycerate",MS2,17720,"2,3-bisphospho-D-glyceric acid",28907,"2,3-bisphosphoglyceric acid",same-molecule variant (stereo/charge/acid-anion)
"2,4-diaminobutyrate",MS1,64307,"2,4-diaminobutyric acid",16028,"L-2,4-diaminobutyrate",same-molecule variant (stereo/charge/acid-anion)
2-Methylmaleate,MS2,17626,citraconic acid,87810,3-methylmalate(2-),divergent (different compound)
2-aminoadipate,CURATION,37024,2-aminoadipic acid,84981,2-aminoadipate(2-),same-molecule variant (stereo/charge/acid-anion)
2-aminooctanoate,CURATION,75145,2-aminooctanoic acid,142420,2-aminooctanoate,same-molecule variant (stereo/charge/acid-anion)
2-aminophenol sulfate,CURATION,133194,2-aminophenyl sulfate,133186,2-aminophenyl hydrogen sulfate,divergent (different compound)
2-hydroxybehenate,CURATION,76980,2-hydroxybehenic acid,76722,2-hydroxybehenate,same-molecule variant (stereo/charge/acid-anion)
2-hydroxydecanoate,CURATION,133172,2-hydroxydecanoic acid,133174,2-hydroxydecanoate,same-molecule variant (stereo/charge/acid-anion)
2-hydroxyhippurate (salicylurate),CURATION,9008,salicyluric acid,132923,salicylurate,same-molecule variant (stereo/charge/acid-anion)
2-hydroxyoctanoate,CURATION,86543,2-hydroxyoctanoic acid,133514,2-hydroxyoctanoate,same-molecule variant (stereo/charge/acid-anion)
2-hydroxypalmitate,CURATION,65101,2-hydroxyhexadecanoic acid,142989,2-hydroxypalmitoleate,divergent (different compound)
2-isopropylmalate,MS2,28635,2-isopropylmalic acid,35128,(2S)-2-isopropylmalic acid,same-molecule variant (stereo/charge/acid-anion)
"3,4,5-trimethoxycinnamate",MS2,566519,"3,4,5-trimethoxycinnamic acid",228320,"(E)-3,4,5-Trimethoxycinnamic acid",same-molecule variant (stereo/charge/acid-anion)
"3,4-dihydroxybenzoate",MS2,36062,"3,4-dihydroxybenzoic acid",36241,"3,4-dihydroxybenzoate",same-molecule variant (stereo/charge/acid-anion)
"3,4-dihydroxymandelate",MS2,27637,"3,4-dihydroxymandelic acid",53326,"3,4-dihydroxymandelate",same-molecule variant (stereo/charge/acid-anion)
3-(4-hydroxyphenyl)lactate,CURATION,16003,(R)-3-(4-hydroxyphenyl)lactic acid,36659,3-(4-hydroxyphenyl)lactate,same-molecule variant (stereo/charge/acid-anion)
3-aminoisobutyrate,CURATION,142590,3-aminoisobutanoic acid zwitterion,49096,3-aminoisobutyrate,divergent (different compound)
3-hydroxyanthranilate,MS1,15793,3-hydroxyanthranilic acid,36559,3-hydroxyanthranilate,same-molecule variant (stereo/charge/acid-anion)
3-hydroxydecanoate,CURATION,132983,3-hydroxydecanoic acid,132979,3-hydroxydecanoate,same-molecule variant (stereo/charge/acid-anion)
3-hydroxyisobutyrate,CURATION,18064,3-hydroxyisobutyric acid,11805,3-hydroxyisobutyrate,same-molecule variant (stereo/charge/acid-anion)
3-hydroxylaurate,CURATION,36206,3-hydroxylauric acid,76616,3-hydroxylaurate,same-molecule variant (stereo/charge/acid-anion)
3-hydroxymandelate,MS1,86553,3-hydroxymandelic acid,32804,4-hydroxymandelate,same-molecule variant (stereo/charge/acid-anion)
3-hydroxyoctanoate,CURATION,37098,3-hydroxyoctanoic acid,133511,3-hydroxyoctanoate,same-molecule variant (stereo/charge/acid-anion)
3-methyladipate,MS2,68503,3-methyladipic acid,86387,3-methyladipate(2-),same-molecule variant (stereo/charge/acid-anion)
3-methylhistidine,CURATION,70959,3-methylhistidine,27596|50599,N(pros)-methyl-L-histidine | N(tele)-methyl-L-histidine,multi-id (biomapper ambiguous set)
3-phenyllactic acid,MS2,43065,(S)-3-phenyllactic acid,25998,3-phenyllactic acid,same-molecule variant (stereo/charge/acid-anion)
3-phenylpropionate (hydrocinnamate),CURATION,28631,3-phenylpropionic acid,51057,3-phenylpropionate,same-molecule variant (stereo/charge/acid-anion)
4-acetamidophenol,MS2,46195,paracetamol,143107,2-acetamidophenol,divergent (different compound)
4-guanidinobutanoate,CURATION,15728,4-guanidinobutanoic acid,86392,4-guanidinobutanoate,same-molecule variant (stereo/charge/acid-anion)
4-hydroxyhippurate,CURATION,71018,p-hydroxyhippuric acid,133607,m-hydroxyhippurate,divergent (different compound)
4-hydroxynonenal,MS2,142593,4-hydroxynonenal,58968,(E)-4-hydroxynon-2-enal,same-molecule variant (stereo/charge/acid-anion)
4-hydroxypyridine,MS2,133125,4-pyridone,87614,4-hydroxypyridine,divergent (different compound)
4-methyl-2-oxopentanoate,CURATION,48430,4-methyl-2-oxopentanoic acid,17865,4-methyl-2-oxopentanoate,same-molecule variant (stereo/charge/acid-anion)
4-methylbenzenesulfonate,MS2,27849,toluene-4-sulfonic acid,11987,4-formylbenzenesulfonate,divergent (different compound)
4-methylcatechol sulfate,CURATION,176442,4-Methylcatechol 1-O-sulfate,232803,4-methylcatechol sulfate,divergent (different compound)
4-nitrophenol,MS2,16836,4-nitrophenol,57917,4-nitrophenolate,parent/child or substring (generic vs specific)
5-aminolevulinate,MS2,17549,5-aminolevulinic acid,12109,5-aminolevulinate,same-molecule variant (stereo/charge/acid-anion)
5-dodecenoate (12:1n7),CURATION,83044,5-dodecenoic acid,83046,5-dodecenoate,same-molecule variant (stereo/charge/acid-anion)
5-hydroxylysine,CURATION,60175,5-hydroxylysine,18040,erythro-5-hydroxy-L-lysine,parent/child or substring (generic vs specific)
5_HpEPE__4_55,MS2,138392,hydroperoxyicosapentaenoic acid,90822,5-HPETE(1-),divergent (different compound)
"5alpha-androstan-3beta,17beta-diol disulfate",CURATION,133115,"5alpha-androstane-3beta,17beta-diol disulfate",133116,"5alpha-androstane-3beta,17beta-diol disulfate(2-)",same-molecule variant (stereo/charge/acid-anion)
6-hydroxyindole sulfate,CURATION,133568,6-hydroxyindole sulfate,133569,6-hydroxyindole sulfate(1-),same-molecule variant (stereo/charge/acid-anion)
6-shogaol,MS2,174643,[8]-Shogaol,10138,[6]-Shogaol,divergent (different compound)
7-methylguanine,CURATION,28664,"2-amino-7-methyl-1,7-dihydro-6H-purin-6-one",2274,7-methylguanine,divergent (different compound)
7alpha-hydroxy-3-oxo-4-cholestenoate (7-Hoca),CURATION,83036,7alpha-hydroxy-3-oxo-4-cholestenoic acid,133803,7alpha-hydroxy-3-oxo-4-cholestenoate,same-molecule variant (stereo/charge/acid-anion)
9(10)-EpOME,MS2,34494,9(10)-EpOME,84023,9(10)-EpOME(1-),same-molecule variant (stereo/charge/acid-anion)
9-hydroxystearate,CURATION,136638,9-hydroxyoctadecanoic acid,229769,8-hydroxystearate(1-),divergent (different compound)
Beta-Leucine,MS2,72772,beta-leucine,15604|86261,(3R)-beta-leucine | (3S)-beta-leucine,multi-id (biomapper ambiguous set)
Chaulmoogric acid,MS2,27939,chaulmoogric acid,61389,(R)-chaulmoogric acid,same-molecule variant (stereo/charge/acid-anion)
Diethyl 2-methyl-3-oxosuccinate,MS2,172442,4-Heptenal diethyl acetal,16879,diethyl 2-methyl-3-oxosuccinate,divergent (different compound)
Germicidin C,MS2,218904,Germicidin C,216747,Germicidin,parent/child or substring (generic vs specific)
Glutaconic Acid,MS1,24309,glutaconic acid,15670,(E)-glutaconic acid,same-molecule variant (stereo/charge/acid-anion)
Glutamine,MS2,28300,glutamine,18050|58359,L-glutamine | L-glutamine zwitterion,multi-id (biomapper ambiguous set)
Glycocholic acid,MS1,17687,glycocholic acid,29746,glycocholate,same-molecule variant (stereo/charge/acid-anion)
Isethionate,MS2,1157,isethionic acid,61904,isethionate,same-molecule variant (stereo/charge/acid-anion)
L-Carvone,MS2,38265,carvone,15400,(-)-carvone,same-molecule variant (stereo/charge/acid-anion)
LPC 18:1,MS2,28610,1-O-oleoyl-sn-glycero-3-phosphocholine,72589,1-elaidoyl-sn-glycero-3-phosphocholine,divergent (different compound)
N-acetylasparagine,MS2,138368,N-acetylasparagine,139582,N-alpha-acetyl-L-asparagine,same-molecule variant (stereo/charge/acid-anion)
N-acetylhistidine,CURATION,86910,N-acetylhistidine,16437,N-acetyl-L-histidine,same-molecule variant (stereo/charge/acid-anion)
N-acetylneuraminate,CURATION,17012,N-acetylneuraminic acid,45744,N-acetyl-beta-neuraminic acid,same-molecule variant (stereo/charge/acid-anion)
N-acetylphenylalanine,CURATION,21626,N-acetylphenylalanine,16259,N-acetyl-L-phenylalanine,same-molecule variant (stereo/charge/acid-anion)
N-acetyltryptophan,CURATION,70976,N-acetyltryptophan,74640,N-acetyl-L-tryptophan,same-molecule variant (stereo/charge/acid-anion)
N6-methyllysine,CURATION,64349,N(6)-methyllysine,17604,N(6)-methyl-L-lysine,same-molecule variant (stereo/charge/acid-anion)
O-sulfo-tyrosine,CURATION,46215,O(4')-sulfo-L-tyrosine,232819,Sulfo-L-tyrosine,parent/child or substring (generic vs specific)
PROPYL GALLIC ACID,MS2,10607,n-propyl gallate,30778,gallic acid,parent/child or substring (generic vs specific)
Paclobutrazol,MS2,139345,"(R,R)-paclobutrazol",139344,"(S,S)-paclobutrazol",same-molecule variant (stereo/charge/acid-anion)
Prunasin,MS2,25150,prunasin,17396,(R)-prunasin,same-molecule variant (stereo/charge/acid-anion)
S-1-pyrroline-5-carboxylate,CURATION,1372,1-pyrroline-5-carboxylic acid,17388,(S)-1-pyrroline-5-carboxylate,same-molecule variant (stereo/charge/acid-anion)
S-methylcysteine,CURATION,229268,Methylcysteine,45658,S-methylcysteine,same-molecule variant (stereo/charge/acid-anion)
S-methylmethionine,CURATION,67050,S-methyl-L-methioninate,232419,S-methylmethionine,divergent (different compound)
Tropine,MS2,15742,pseudotropine,15884,tropine,parent/child or substring (generic vs specific)
Y 26763,MS2,18186,tyrosine,17895,L-tyrosine,same-molecule variant (stereo/charge/acid-anion)
acetoacetate,MS2,15344,acetoacetic acid,13705,acetoacetate,same-molecule variant (stereo/charge/acid-anion)
aconitate [cis or trans],CURATION,32805,cis-aconitic acid,16383,cis-aconitate(3-),same-molecule variant (stereo/charge/acid-anion)
anthranilate,CURATION,30754,anthranilic acid,16567,anthranilate,same-molecule variant (stereo/charge/acid-anion)
arabinose,CURATION,46983,aldehydo-D-arabinose,17535,L-arabinopyranose,divergent (different compound)
arachidonate (20:4n6),CURATION,15843,arachidonic acid,32395,arachidonate,same-molecule variant (stereo/charge/acid-anion)
argininate*,CURATION,90000,Argininic acid,32695,argininate,same-molecule variant (stereo/charge/acid-anion)
arginine,CURATION,29016,arginine,16467|31235,L-arginine | Arginine hydrochloride,multi-id (biomapper ambiguous set)
asparagine,CURATION,22653,asparagine,15724|17196|58048,trimethylamine N-oxide | L-asparagine | L-asparagine zwitterion,multi-id (biomapper ambiguous set)
aspartate,CURATION,22660,aspartic acid,17053,L-aspartic acid,same-molecule variant (stereo/charge/acid-anion)
bicine,MS2,39066,[bis(2-hydroxyethyl)ammonio]acetate,39065,bicine,divergent (different compound)
cholate,CURATION,16359,cholic acid,29747,cholate,same-molecule variant (stereo/charge/acid-anion)
citrate,MS2,30769,citric acid,50744,citrate salt,parent/child or substring (generic vs specific)
citrulline,CURATION,18211,citrulline,16349|57743,L-citrulline | L-citrulline zwitterion,multi-id (biomapper ambiguous set)
cyclo(pro-val),CURATION,69439,cyclo(L-Pro-L-Val),201644,Cyclo(D-Val-L-Pro),divergent (different compound)
cystathionine,MS1,17755,cystathionine,17482,L-cystathionine,same-molecule variant (stereo/charge/acid-anion)
deoxycholate,CURATION,28834,deoxycholic acid,23614,deoxycholate,same-molecule variant (stereo/charge/acid-anion)
deoxycholic acid 12-sulfate*,CURATION,233494,deoxycholic acid 12-sulfate,232726,deoxycholic acid sulfate,same-molecule variant (stereo/charge/acid-anion)
dihomo-linoleate (20:2n6),CURATION,73731,"(11Z,14Z)-icosadienoic acid",88670,Dihomo-linoleate (20:2n6),divergent (different compound)
dihydrobiopterin,MS1,43120,"(6R)-L-erythro-6,7-dihydrobiopterin",43029,"L-erythro-7,8-dihydrobiopterin",divergent (different compound)
dihydroferulate,MS2,86612,dihydroferulic acid,133751,dihydroferulate,same-molecule variant (stereo/charge/acid-anion)
dihydroxyphenylalanine (DOPA),MS1,49168,dopa,15765|192509|57504,L-dopa | foslevodopa | L-dopa zwitterion,multi-id (biomapper ambiguous set)
erucate (22:1n9),CURATION,28792,erucic acid,32393,erucate,same-molecule variant (stereo/charge/acid-anion)
eugenol sulfate,CURATION,133570,eugenol sulfate,133571,eugenol sulfate(1-),same-molecule variant (stereo/charge/acid-anion)
ferulate,MS2,17620,trans-ferulic acid,29749,trans-ferulate,same-molecule variant (stereo/charge/acid-anion)
gamma-aminobutyrate (GABA),MS2,16865,gamma-aminobutyric acid,30566,gamma-aminobutyrate,same-molecule variant (stereo/charge/acid-anion)
gamma-glutamylalanine,CURATION,50621,gamma-glutamylalanine,50619,gamma-Glu-Ala,divergent (different compound)
gluconate,MS2,33198,D-gluconic acid,24265,gluconate,same-molecule variant (stereo/charge/acid-anion)
glutamate,CURATION,18237,glutamic acid,16015|232425|64243|91250,L-glutamic acid | monosodium L-glutamate hydrate | monosodium L-glutamate | disodium L-glutamate,multi-id (biomapper ambiguous set)
glutamine,CURATION,28300,glutamine,18050|58359,L-glutamine | L-glutamine zwitterion,multi-id (biomapper ambiguous set)
glycerate,CURATION,33508,glyceric acid,33871,glycerate,same-molecule variant (stereo/charge/acid-anion)
glycerophosphoethanolamine,CURATION,16929,sn-glycero-3-phosphoethanolamine,36314,glycerophosphoethanolamine,parent/child or substring (generic vs specific)
glycerophosphoinositol*,CURATION,166490,sn-Glycero-3-phosphoinositol,35771,glycerophosphoinositol phosphate,divergent (different compound)
glycochenodeoxycholate,CURATION,36274,glycochenodeoxycholic acid,36252,glycochenodeoxycholate,same-molecule variant (stereo/charge/acid-anion)
glycocholate,CURATION,17687,glycocholic acid,29746,glycocholate,same-molecule variant (stereo/charge/acid-anion)
glycodeoxycholate,CURATION,27471,glycodeoxycholic acid,82982,glycodeoxycholate,same-molecule variant (stereo/charge/acid-anion)
guanidinoacetate,CURATION,16344,guanidinoacetic acid,131444,guanidinoacetate,same-molecule variant (stereo/charge/acid-anion)
"gulono-1,4-lactone",MS2,177057,D-(-)-Gulono-gamma-lactone,17587,"L-gulono-1,4-lactone",divergent (different compound)
heptanoate (7:0),CURATION,45571,heptanoic acid,179775,Heptyl heptanoate,parent/child or substring (generic vs specific)
hexadecadienoate (16:2n6),CURATION,86147,"(7Z,10Z)-hexadecadienoic acid",78096,hexadecadienoate,same-molecule variant (stereo/charge/acid-anion)
histidine,CURATION,27570,histidine,15971|57595,L-histidine | L-histidine zwitterion,multi-id (biomapper ambiguous set)
homoarginine,CURATION,27747,L-homoarginine,24606,homoarginine,same-molecule variant (stereo/charge/acid-anion)
homocarnosine,MS1,28050,homocarnosine,85981,L-homocarnosine,same-molecule variant (stereo/charge/acid-anion)
homoserine,MS1,30653,homoserine,15699,L-homoserine,same-molecule variant (stereo/charge/acid-anion)
iminodiacetate (IDA),CURATION,24786,iminodiacetic acid,24785,iminodiacetate,same-molecule variant (stereo/charge/acid-anion)
indole-3-carboxylate,MS2,24809,indole-3-carboxylic acid,62448,indole-3-carboxylate,same-molecule variant (stereo/charge/acid-anion)
indolebutyrate,MS1,33070,indole-3-butyric acid,35581,indole,parent/child or substring (generic vs specific)
kynurenate,CURATION,18344,kynurenic acid,58454,kynurenate,same-molecule variant (stereo/charge/acid-anion)
lanthionine,CURATION,25013,lanthionine,21347,L-lanthionine,same-molecule variant (stereo/charge/acid-anion)
laurylcarnitine (C12),CURATION,77086,O-lauroyl-L-carnitine,192727,2-Hydroxyisovalerylcarnitine,divergent (different compound)
linoleate (18:2n6),CURATION,17351,linoleic acid,30245,linoleate,same-molecule variant (stereo/charge/acid-anion)
linolenic acid,MS2,25633,octadecatrienoic acid,165492|27432,Elaidolinolenic acid | alpha-linolenic acid,multi-id (biomapper ambiguous set)
lysine,CURATION,25094,lysine,133538|18019|194466|53633|61488,L-lysine zwitterion | L-lysine | L-Lysine zwitterion | L-lysine hydrochloride | poly(lysine) polymer,multi-id (biomapper ambiguous set)
lyxonate,CURATION,134538,D-lyxonic acid,145756,lyxonate,same-molecule variant (stereo/charge/acid-anion)
malate,CURATION,6650,malic acid,30797,(S)-malic acid,same-molecule variant (stereo/charge/acid-anion)
mandelate,MS2,35825,mandelic acid,25147,mandelate,same-molecule variant (stereo/charge/acid-anion)
margarate (17:0),CURATION,32365,heptadecanoic acid,32366,margarate,divergent (different compound)
menthol,MS1,15409,(-)-menthol,25187|76306,p-menthan-3-ol | (+)-menthol,multi-id (biomapper ambiguous set)
myristoylcarnitine (C14),CURATION,84634,O-tetradecanoyl-L-carnitine,178069,Myristoleoylcarnitine,divergent (different compound)
naringenin,MS1,50202,naringenin,17846,(S)-naringenin,same-molecule variant (stereo/charge/acid-anion)
nonadecenoate (19:1),CURATION,83051,(10Z)-nonadec-10-enoic acid,84965,cholesteryl nonadecenoate,parent/child or substring (generic vs specific)
octadecanedioate (C18),MS2,133086,octadecanedioic acid,133087,octadecanedioate,same-molecule variant (stereo/charge/acid-anion)
ornithine,CURATION,18257,ornithine,15729,L-ornithine,same-molecule variant (stereo/charge/acid-anion)
phenylacetylglutamine,CURATION,17884,N(2)-phenylacetyl-L-glutamine,25982,phenylacetylglutamine,parent/child or substring (generic vs specific)
phenylalanine,CURATION,28044,phenylalanine,17295|58095,L-phenylalanine | L-phenylalanine zwitterion,multi-id (biomapper ambiguous set)
phenylpropanolamine,MS1,8104,phenylpropanolamine,36,(+)-norephedrine,divergent (different compound)
phenylpyruvate,CURATION,30851,keto-phenylpyruvic acid,26008,phenylpyruvate,parent/child or substring (generic vs specific)
phosphate,CURATION,26078,phosphoric acid,18367|26020,phosphate(3-) | phosphate,multi-id (biomapper ambiguous set)
phytanate,CURATION,16285,phytanic acid,172542,"3D,7D,11D-Phytanic acid",parent/child or substring (generic vs specific)
pipecolate,CURATION,17964,pipecolic acid,36110,pipecolate,same-molecule variant (stereo/charge/acid-anion)
purine,MS1,17258,7H-purine,35584,purine,parent/child or substring (generic vs specific)
pyridoxate,CURATION,17405,4-pyridoxic acid,132948,pyridoxate,same-molecule variant (stereo/charge/acid-anion)
resveratrol,MS2,27881,resveratrol,45713,trans-resveratrol,same-molecule variant (stereo/charge/acid-anion)
ribonate,CURATION,21077,D-ribonic acid,33527,ribonate,same-molecule variant (stereo/charge/acid-anion)
sepiapterin,MS1,16095,sepiapterin,194527,L-sepiapterin,same-molecule variant (stereo/charge/acid-anion)
serine,CURATION,17822,serine,16523|17115|33384,D-serine | L-serine | L-serine zwitterion,multi-id (biomapper ambiguous set)
sorbate,MS2,35962,sorbic acid,36550,sorbate,same-molecule variant (stereo/charge/acid-anion)
sphinganine-1-phosphate,CURATION,16893,sphinganine 1-phosphate,57939,sphinganine 1-phosphate(1-),same-molecule variant (stereo/charge/acid-anion)
syringaresinol,MS2,49211,syringaresinol,47,(+)-syringaresinol,same-molecule variant (stereo/charge/acid-anion)
tagatose,MS1,47693,keto-D-tagatose,33954,tagatose,parent/child or substring (generic vs specific)
tartronate (hydroxymalonate),CURATION,16513,hydroxymalonic acid,17649,hydroxymalonate(2-),same-molecule variant (stereo/charge/acid-anion)
taurochenodeoxycholate,CURATION,16525,taurochenodeoxycholic acid,9407,taurochenodeoxycholate,same-molecule variant (stereo/charge/acid-anion)
thioproline,CURATION,64564,thioproline,45171,L-thioproline,same-molecule variant (stereo/charge/acid-anion)
threonate,CURATION,15908,L-threonic acid,15243,threonate,same-molecule variant (stereo/charge/acid-anion)
trans-urocanate,CURATION,27248,urocanic acid,30817,trans-urocanic acid,same-molecule variant (stereo/charge/acid-anion)
trehalose,MS2,27082,trehalose,16551,"alpha,alpha-trehalose",same-molecule variant (stereo/charge/acid-anion)
tryptophan,CURATION,27897,tryptophan,16828|57719|57912,L-tryptophan | D-tryptophan zwitterion | L-tryptophan zwitterion,multi-id (biomapper ambiguous set)
tyrosine,CURATION,18186,tyrosine,17895,L-tyrosine,same-molecule variant (stereo/charge/acid-anion)
undecanoate (11:0),CURATION,32368,undecanoic acid,32369,undecanoate,same-molecule variant (stereo/charge/acid-anion)
valine,CURATION,27266,valine,16414|57762,L-valine | L-valine zwitterion,multi-id (biomapper ambiguous set)
