query_name,match_level,category,candidate_A_node,candidate_A_name,candidate_A_block,candidate_B_nodes,candidate_B_names,candidate_B_blocks,query_block,gold_curie,adjudication_method,difficulty_flag,retrievable@200,eligible_for
(15:3)-anacardic acid,CURATION,divergent (different compound),CHEBI:174627,"2-Hydroxy-6-(8,11,14-pentadecatrienyl)benzoic acid",QUVGEKPNSCFQIR,CHEBI:25569,nocardic acid,,QUVGEKPNSCFQIR,CHEBI:174627,inchikey_auto,connectivity_match,False,tier1
"(2S,3R,4S,5S,6R)-2-[3-hydroxy-5-[(Z)-2-(4-hydroxyphenyl)ethenyl]phenoxy]-6-(hydroxymethyl)oxane-3,4,5-triol",MS2,divergent (different compound),CHEBI:76155,cis-piceid,HSTZMXCBWJGKHG,CHEBI:94610,"(2S,3R,4S,5S,6R)-2-[3-hydroxy-5-[2-(4-hydroxyphenyl)ethenyl]phenoxy]-6-(hydroxymethyl)oxane-3,4,5-triol",HSTZMXCBWJGKHG,HSTZMXCBWJGKHG,,expert,ambiguous_shared_connectivity,False,
1 methylhistidine,MS2,multi-id (biomapper ambiguous set),CHEBI:70958,1-methylhistidine,BRMWTNUJHUMWMS,CHEBI:27596|CHEBI:50599,N(pros)-methyl-L-histidine|N(tele)-methyl-L-histidine,BRMWTNUJHUMWMS|BRMWTNUJHUMWMS,BRMWTNUJHUMWMS,,expert,ambiguous_shared_connectivity,True,
"1,2-propanediol",MS1,divergent (different compound),CHEBI:16997,"propane-1,2-diol",QIRATDLGJOBIQQ,CHEBI:26288,propanediol,ULWHHBHJGPPBCO,DNIAPMSPPWPWGF,,expert,no_candidate_matches_query,True,
1-(1-enyl-palmitoyl)-GPC (P-16:0),MS2,parent/child or substring (generic vs specific),CHEBI:140773,lysophosphatidylcholine P-16:0,,CHEBI:73841,lysophosphatidylcholine (P-16:0/0:0),,,,expert,query_unresolvable,False,
1-(1Z-octadecenyl)-sn-glycero-3-phosphocholine,MS2,divergent (different compound),CHEBI:137889,lysophosphatidylcholine P-18:0,,CHEBI:88779,LysoPC P-18:0/0:0,,WBOMIOWRFSPZMC,,expert,no_candidate_matches_query,False,
1-methylguanidine,MS2,parent/child or substring (generic vs specific),CHEBI:16628,methylguanidine,CHJJGSNFBQVOTG,CHEBI:189433,1-Methylguanidine hydrochloride,VJQCNCOGZPSOQZ,CHJJGSNFBQVOTG,CHEBI:16628,inchikey_auto,connectivity_match,False,tier1
1-methylxanthine,CURATION,divergent (different compound),CHEBI:68444,1-methyl-7H-xanthine,MVOYJPOZRLFTCP,CHEBI:68443,1-methylxanthine,MVOYJPOZRLFTCP,MVOYJPOZRLFTCP,,expert,ambiguous_shared_connectivity,True,
12-HHTrE,CURATION,parent/child or substring (generic vs specific),CHEBI:63977,12S-HHTrE,KUKJHGXXZWHSBG,CHEBI:72783,12-HHTrE,KUKJHGXXZWHSBG,KUKJHGXXZWHSBG,,expert,ambiguous_shared_connectivity,True,
2'-deoxyguanosine 5'-monophosphate (dGMP),MS1,same-molecule variant (stereo/charge/acid-anion),CHEBI:16192,2'-deoxyguanosine 5'-monophosphate,LTFMZDNNPPEQNG,CHEBI:57673,2'-deoxyguanosine 5'-monophosphate(2-),LTFMZDNNPPEQNG,,,expert,query_unresolvable,True,
"2,3-butanediol",MS2,same-molecule variant (stereo/charge/acid-anion),CHEBI:16982,"(R,R)-butane-2,3-diol",OWBTYPJTUOEWEK,CHEBI:62064,"butane-2,3-diol",OWBTYPJTUOEWEK,OWBTYPJTUOEWEK,,expert,ambiguous_shared_connectivity,True,
"2,3-diphosphoglycerate",MS2,same-molecule variant (stereo/charge/acid-anion),CHEBI:17720,"2,3-bisphospho-D-glyceric acid",XOHUEYCVLUUEJJ,CHEBI:28907,"2,3-bisphosphoglyceric acid",XOHUEYCVLUUEJJ,XOHUEYCVLUUEJJ,,expert,ambiguous_shared_connectivity,False,
"2,4-diaminobutyrate",MS1,same-molecule variant (stereo/charge/acid-anion),CHEBI:64307,"2,4-diaminobutyric acid",OGNSCSPNOLGXSM,CHEBI:16028,"L-2,4-diaminobutyrate",OGNSCSPNOLGXSM,OGNSCSPNOLGXSM,,expert,ambiguous_shared_connectivity,True,
2-Methylmaleate,MS2,divergent (different compound),CHEBI:17626,citraconic acid,HNEGQIOMVPPMNR,CHEBI:87810,3-methylmalate(2-),NPYQJIHHTGFBLN,HNEGQIOMVPPMNR,CHEBI:17626,inchikey_auto,connectivity_match,False,tier1
2-aminoadipate,CURATION,same-molecule variant (stereo/charge/acid-anion),CHEBI:37024,2-aminoadipic acid,OYIFNHCXNCRBQI,CHEBI:84981,2-aminoadipate(2-),OYIFNHCXNCRBQI,OYIFNHCXNCRBQI,,expert,ambiguous_shared_connectivity,False,
2-aminooctanoate,CURATION,same-molecule variant (stereo/charge/acid-anion),CHEBI:75145,2-aminooctanoic acid,AKVBCGQVQXPRLD,CHEBI:142420,2-aminooctanoate,AKVBCGQVQXPRLD,AKVBCGQVQXPRLD,,expert,ambiguous_shared_connectivity,False,
2-aminophenol sulfate,CURATION,divergent (different compound),CHEBI:133194,2-aminophenyl sulfate,VSTZVCJQGSLNLL,CHEBI:133186,2-aminophenyl hydrogen sulfate,VSTZVCJQGSLNLL,,,expert,query_unresolvable,True,
2-hydroxybehenate,CURATION,same-molecule variant (stereo/charge/acid-anion),CHEBI:76980,2-hydroxybehenic acid,RPGJJWLCCOPDAZ,CHEBI:76722,2-hydroxybehenate,RPGJJWLCCOPDAZ,RPGJJWLCCOPDAZ,,expert,ambiguous_shared_connectivity,False,
2-hydroxydecanoate,CURATION,same-molecule variant (stereo/charge/acid-anion),CHEBI:133172,2-hydroxydecanoic acid,GHPVDCPCKSNJDR,CHEBI:133174,2-hydroxydecanoate,GHPVDCPCKSNJDR,GHPVDCPCKSNJDR,,expert,ambiguous_shared_connectivity,True,
2-hydroxyhippurate (salicylurate),CURATION,same-molecule variant (stereo/charge/acid-anion),CHEBI:9008,salicyluric acid,ONJSZLXSECQROL,CHEBI:132923,salicylurate,ONJSZLXSECQROL,,,expert,query_unresolvable,True,
2-hydroxyoctanoate,CURATION,same-molecule variant (stereo/charge/acid-anion),CHEBI:86543,2-hydroxyoctanoic acid,JKRDADVRIYVCCY,CHEBI:133514,2-hydroxyoctanoate,JKRDADVRIYVCCY,JKRDADVRIYVCCY,,expert,ambiguous_shared_connectivity,False,
2-hydroxypalmitate,CURATION,divergent (different compound),CHEBI:65101,2-hydroxyhexadecanoic acid,JGHSBPIZNUXPLA,CHEBI:142989,2-hydroxypalmitoleate,MFMJWERISIRPMN,JGHSBPIZNUXPLA,CHEBI:65101,inchikey_auto,connectivity_match,False,tier1
2-isopropylmalate,MS2,same-molecule variant (stereo/charge/acid-anion),CHEBI:28635,2-isopropylmalic acid,BITYXLXUCSKTJS,CHEBI:35128,(2S)-2-isopropylmalic acid,BITYXLXUCSKTJS,BITYXLXUCSKTJS,,expert,ambiguous_shared_connectivity,False,
"3,4,5-trimethoxycinnamate",MS2,same-molecule variant (stereo/charge/acid-anion),CHEBI:566519,"3,4,5-trimethoxycinnamic acid",YTFVRYKNXDADBI,CHEBI:228320,"(E)-3,4,5-Trimethoxycinnamic acid",YTFVRYKNXDADBI,YTFVRYKNXDADBI,,expert,ambiguous_shared_connectivity,True,
"3,4-dihydroxybenzoate",MS2,same-molecule variant (stereo/charge/acid-anion),CHEBI:36062,"3,4-dihydroxybenzoic acid",YQUVCSBJEUQKSH,CHEBI:36241,"3,4-dihydroxybenzoate",YQUVCSBJEUQKSH,YQUVCSBJEUQKSH,,expert,ambiguous_shared_connectivity,True,
"3,4-dihydroxymandelate",MS2,same-molecule variant (stereo/charge/acid-anion),CHEBI:27637,"3,4-dihydroxymandelic acid",RGHMISIYKIHAJW,CHEBI:53326,"3,4-dihydroxymandelate",RGHMISIYKIHAJW,RGHMISIYKIHAJW,,expert,ambiguous_shared_connectivity,True,
3-(4-hydroxyphenyl)lactate,CURATION,same-molecule variant (stereo/charge/acid-anion),CHEBI:16003,(R)-3-(4-hydroxyphenyl)lactic acid,JVGVDSSUAVXRDY,CHEBI:36659,3-(4-hydroxyphenyl)lactate,JVGVDSSUAVXRDY,JVGVDSSUAVXRDY,,expert,ambiguous_shared_connectivity,False,
3-aminoisobutyrate,CURATION,divergent (different compound),CHEBI:142590,3-aminoisobutanoic acid zwitterion,QCHPKSFMDHPSNR,CHEBI:49096,3-aminoisobutyrate,QCHPKSFMDHPSNR,QCHPKSFMDHPSNR,,expert,ambiguous_shared_connectivity,False,
3-hydroxyanthranilate,MS1,same-molecule variant (stereo/charge/acid-anion),CHEBI:15793,3-hydroxyanthranilic acid,WJXSWCUQABXPFS,CHEBI:36559,3-hydroxyanthranilate,WJXSWCUQABXPFS,WJXSWCUQABXPFS,,expert,ambiguous_shared_connectivity,True,
3-hydroxydecanoate,CURATION,same-molecule variant (stereo/charge/acid-anion),CHEBI:132983,3-hydroxydecanoic acid,FYSSBMZUBSBFJL,CHEBI:132979,3-hydroxydecanoate,FYSSBMZUBSBFJL,FYSSBMZUBSBFJL,,expert,ambiguous_shared_connectivity,False,
3-hydroxyisobutyrate,CURATION,same-molecule variant (stereo/charge/acid-anion),CHEBI:18064,3-hydroxyisobutyric acid,DBXBTMSZEOQQDU,CHEBI:11805,3-hydroxyisobutyrate,DBXBTMSZEOQQDU,DBXBTMSZEOQQDU,,expert,ambiguous_shared_connectivity,True,
3-hydroxylaurate,CURATION,same-molecule variant (stereo/charge/acid-anion),CHEBI:36206,3-hydroxylauric acid,MUCMKTPAZLSKTL,CHEBI:76616,3-hydroxylaurate,MUCMKTPAZLSKTL,MUCMKTPAZLSKTL,,expert,ambiguous_shared_connectivity,False,
3-hydroxymandelate,MS1,same-molecule variant (stereo/charge/acid-anion),CHEBI:86553,3-hydroxymandelic acid,OLSDAJRAVOVKLG,CHEBI:32804,4-hydroxymandelate,YHXHKYRQLYQUIH,OLSDAJRAVOVKLG,CHEBI:86553,inchikey_auto,connectivity_match,False,tier1
3-hydroxyoctanoate,CURATION,same-molecule variant (stereo/charge/acid-anion),CHEBI:37098,3-hydroxyoctanoic acid,NDPLAKGOSZHTPH,CHEBI:133511,3-hydroxyoctanoate,NDPLAKGOSZHTPH,NDPLAKGOSZHTPH,,expert,ambiguous_shared_connectivity,True,
3-methyladipate,MS2,same-molecule variant (stereo/charge/acid-anion),CHEBI:68503,3-methyladipic acid,SYEOWUNSTUDKGM,CHEBI:86387,3-methyladipate(2-),SYEOWUNSTUDKGM,SYEOWUNSTUDKGM,,expert,ambiguous_shared_connectivity,False,
3-methylhistidine,CURATION,multi-id (biomapper ambiguous set),CHEBI:70959,3-methylhistidine,JDHILDINMRGULE,CHEBI:27596|CHEBI:50599,N(pros)-methyl-L-histidine|N(tele)-methyl-L-histidine,BRMWTNUJHUMWMS|BRMWTNUJHUMWMS,JDHILDINMRGULE,CHEBI:70959,inchikey_auto,connectivity_match,True,"tier1,ablation,tbench"
3-phenyllactic acid,MS2,same-molecule variant (stereo/charge/acid-anion),CHEBI:43065,(S)-3-phenyllactic acid,VOXXWSYKYCBWHO,CHEBI:25998,3-phenyllactic acid,VOXXWSYKYCBWHO,VOXXWSYKYCBWHO,,expert,ambiguous_shared_connectivity,True,
3-phenylpropionate (hydrocinnamate),CURATION,same-molecule variant (stereo/charge/acid-anion),CHEBI:28631,3-phenylpropionic acid,XMIIGOLPHOKFCH,CHEBI:51057,3-phenylpropionate,XMIIGOLPHOKFCH,,,expert,query_unresolvable,True,
4-acetamidophenol,MS2,divergent (different compound),CHEBI:46195,paracetamol,RZVAJINKPMORJF,CHEBI:143107,2-acetamidophenol,ADVGKWPZRIDURE,RZVAJINKPMORJF,CHEBI:46195,inchikey_auto,connectivity_match,False,tier1
4-guanidinobutanoate,CURATION,same-molecule variant (stereo/charge/acid-anion),CHEBI:15728,4-guanidinobutanoic acid,TUHVEAJXIMEOSA,CHEBI:86392,4-guanidinobutanoate,TUHVEAJXIMEOSA,TUHVEAJXIMEOSA,,expert,ambiguous_shared_connectivity,True,
4-hydroxyhippurate,CURATION,divergent (different compound),CHEBI:71018,p-hydroxyhippuric acid,ZMHLUFWWWPBTIU,CHEBI:133607,m-hydroxyhippurate,XDOFWFNMYJRHEW,ZMHLUFWWWPBTIU,CHEBI:71018,inchikey_auto,connectivity_match,False,tier1
4-hydroxynonenal,MS2,same-molecule variant (stereo/charge/acid-anion),CHEBI:142593,4-hydroxynonenal,JVJFIQYAHPMBBX,CHEBI:58968,(E)-4-hydroxynon-2-enal,JVJFIQYAHPMBBX,JVJFIQYAHPMBBX,,expert,ambiguous_shared_connectivity,True,
4-hydroxypyridine,MS2,divergent (different compound),CHEBI:133125,4-pyridone,GCNTZFIIOFTKIY,CHEBI:87614,4-hydroxypyridine,GCNTZFIIOFTKIY,GCNTZFIIOFTKIY,,expert,ambiguous_shared_connectivity,True,
4-methyl-2-oxopentanoate,CURATION,same-molecule variant (stereo/charge/acid-anion),CHEBI:48430,4-methyl-2-oxopentanoic acid,BKAJNAXTPSGJCU,CHEBI:17865,4-methyl-2-oxopentanoate,BKAJNAXTPSGJCU,BKAJNAXTPSGJCU,,expert,ambiguous_shared_connectivity,True,
4-methylbenzenesulfonate,MS2,divergent (different compound),CHEBI:27849,toluene-4-sulfonic acid,JOXIMZWYDAKGHI,CHEBI:11987,4-formylbenzenesulfonate,XSAOGXMGZVFIIE,JOXIMZWYDAKGHI,CHEBI:27849,inchikey_auto,connectivity_match,False,tier1
4-methylcatechol sulfate,CURATION,divergent (different compound),CHEBI:176442,4-Methylcatechol 1-O-sulfate,NCOMUGOPQPRVSE,CHEBI:232803,4-methylcatechol sulfate,AATDNGCLCGOWJE,AATDNGCLCGOWJE,CHEBI:232803,inchikey_auto,connectivity_match,True,"tier1,ablation,tbench"
4-nitrophenol,MS2,parent/child or substring (generic vs specific),CHEBI:16836,4-nitrophenol,BTJIUGUIPKRLHP,CHEBI:57917,4-nitrophenolate,BTJIUGUIPKRLHP,BTJIUGUIPKRLHP,,expert,ambiguous_shared_connectivity,True,
5-aminolevulinate,MS2,same-molecule variant (stereo/charge/acid-anion),CHEBI:17549,5-aminolevulinic acid,ZGXJTSGNIOSYLO,CHEBI:12109,5-aminolevulinate,ZGXJTSGNIOSYLO,ZGXJTSGNIOSYLO,,expert,ambiguous_shared_connectivity,True,
5-dodecenoate (12:1n7),CURATION,same-molecule variant (stereo/charge/acid-anion),CHEBI:83044,5-dodecenoic acid,IJBFSOLHRKELLR,CHEBI:83046,5-dodecenoate,IJBFSOLHRKELLR,,,expert,query_unresolvable,True,
5-hydroxylysine,CURATION,parent/child or substring (generic vs specific),CHEBI:60175,5-hydroxylysine,YSMODUONRAFBET,CHEBI:18040,erythro-5-hydroxy-L-lysine,YSMODUONRAFBET,YSMODUONRAFBET,,expert,ambiguous_shared_connectivity,True,
5_HpEPE__4_55,MS2,divergent (different compound),CHEBI:138392,hydroperoxyicosapentaenoic acid,,CHEBI:90822,5-HPETE(1-),JNUUNUQHXIOFDA,,,expert,query_unresolvable,False,
"5alpha-androstan-3beta,17beta-diol disulfate",CURATION,same-molecule variant (stereo/charge/acid-anion),CHEBI:133115,"5alpha-androstane-3beta,17beta-diol disulfate",JHFAETDERBWUOO,CHEBI:133116,"5alpha-androstane-3beta,17beta-diol disulfate(2-)",JHFAETDERBWUOO,,,expert,query_unresolvable,True,
6-hydroxyindole sulfate,CURATION,same-molecule variant (stereo/charge/acid-anion),CHEBI:133568,6-hydroxyindole sulfate,QRHHXPIYYXPEMG,CHEBI:133569,6-hydroxyindole sulfate(1-),QRHHXPIYYXPEMG,QRHHXPIYYXPEMG,,expert,ambiguous_shared_connectivity,True,
6-shogaol,MS2,divergent (different compound),CHEBI:174643,[8]-Shogaol,LGZSMXJRMTYABD,CHEBI:10138,[6]-Shogaol,OQWKEEOHDMUXEO,OQWKEEOHDMUXEO,CHEBI:10138,inchikey_auto,connectivity_match,True,"tier1,ablation,tbench"
7-methylguanine,CURATION,divergent (different compound),CHEBI:28664,"2-amino-7-methyl-1,7-dihydro-6H-purin-6-one",FZWGECJQACGGTI,CHEBI:2274,7-methylguanine,FZWGECJQACGGTI,FZWGECJQACGGTI,,expert,ambiguous_shared_connectivity,True,
7alpha-hydroxy-3-oxo-4-cholestenoate (7-Hoca),CURATION,same-molecule variant (stereo/charge/acid-anion),CHEBI:83036,7alpha-hydroxy-3-oxo-4-cholestenoic acid,SATGKQGFUDXGAX,CHEBI:133803,7alpha-hydroxy-3-oxo-4-cholestenoate,SATGKQGFUDXGAX,,,expert,query_unresolvable,True,
9(10)-EpOME,MS2,same-molecule variant (stereo/charge/acid-anion),CHEBI:34494,9(10)-EpOME,FBUKMFOXMZRGRB,CHEBI:84023,9(10)-EpOME(1-),FBUKMFOXMZRGRB,FBUKMFOXMZRGRB,,expert,ambiguous_shared_connectivity,True,
9-hydroxystearate,CURATION,divergent (different compound),CHEBI:136638,9-hydroxyoctadecanoic acid,RKHXDCVAPIMDMG,CHEBI:229769,8-hydroxystearate(1-),YYWHSFVJGXJTKD,RKHXDCVAPIMDMG,CHEBI:136638,inchikey_auto,connectivity_match,False,tier1
Beta-Leucine,MS2,multi-id (biomapper ambiguous set),CHEBI:72772,beta-leucine,GLUJNGJDHCTUJY,CHEBI:15604|CHEBI:86261,(3R)-beta-leucine|(3S)-beta-leucine,GLUJNGJDHCTUJY|GLUJNGJDHCTUJY,GLUJNGJDHCTUJY,,expert,ambiguous_shared_connectivity,True,
Chaulmoogric acid,MS2,same-molecule variant (stereo/charge/acid-anion),CHEBI:27939,chaulmoogric acid,XMVQWNRDPAAMJB,CHEBI:61389,(R)-chaulmoogric acid,XMVQWNRDPAAMJB,XMVQWNRDPAAMJB,,expert,ambiguous_shared_connectivity,True,
Diethyl 2-methyl-3-oxosuccinate,MS2,divergent (different compound),CHEBI:172442,4-Heptenal diethyl acetal,BOALWZNGHWYCRG,CHEBI:16879,diethyl 2-methyl-3-oxosuccinate,OQOCQBJWOCRPQY,OQOCQBJWOCRPQY,CHEBI:16879,inchikey_auto,connectivity_match,True,"tier1,ablation,tbench"
Germicidin C,MS2,parent/child or substring (generic vs specific),CHEBI:218904,Germicidin C,QKYRDLBTCVVFJE,CHEBI:216747,Germicidin,NPQKQKITPJTEBK,QKYRDLBTCVVFJE,CHEBI:218904,inchikey_auto,connectivity_match,True,"tier1,ablation,tbench"
Glutaconic Acid,MS1,same-molecule variant (stereo/charge/acid-anion),CHEBI:24309,glutaconic acid,XVOUMQNXTGKGMA,CHEBI:15670,(E)-glutaconic acid,XVOUMQNXTGKGMA,XVOUMQNXTGKGMA,,expert,ambiguous_shared_connectivity,True,
Glutamine,MS2,multi-id (biomapper ambiguous set),CHEBI:28300,glutamine,ZDXPYRJPNDTMRX,CHEBI:18050|CHEBI:58359,L-glutamine|L-glutamine zwitterion,ZDXPYRJPNDTMRX|ZDXPYRJPNDTMRX,ZDXPYRJPNDTMRX,,expert,ambiguous_shared_connectivity,True,
Glycocholic acid,MS1,same-molecule variant (stereo/charge/acid-anion),CHEBI:17687,glycocholic acid,RFDAIACWWDREDC,CHEBI:29746,glycocholate,RFDAIACWWDREDC,RFDAIACWWDREDC,,expert,ambiguous_shared_connectivity,True,
Isethionate,MS2,same-molecule variant (stereo/charge/acid-anion),CHEBI:1157,isethionic acid,LADXKQRVAFSPTR,CHEBI:61904,isethionate,SUMDYPCJJOFFON,SUMDYPCJJOFFON,CHEBI:61904,inchikey_auto,connectivity_match,True,"tier1,ablation,tbench"
L-Carvone,MS2,same-molecule variant (stereo/charge/acid-anion),CHEBI:38265,carvone,ULDHMXUKGWMISQ,CHEBI:15400,(-)-carvone,ULDHMXUKGWMISQ,ULDHMXUKGWMISQ,,expert,ambiguous_shared_connectivity,False,
LPC 18:1,MS2,divergent (different compound),CHEBI:28610,1-O-oleoyl-sn-glycero-3-phosphocholine,YAMUFBLWGFFICM,CHEBI:72589,1-elaidoyl-sn-glycero-3-phosphocholine,YAMUFBLWGFFICM,YAMUFBLWGFFICM,,expert,ambiguous_shared_connectivity,False,
N-acetylasparagine,MS2,same-molecule variant (stereo/charge/acid-anion),CHEBI:138368,N-acetylasparagine,ISXAJCKCTSMILF,CHEBI:139582,N-alpha-acetyl-L-asparagine,HXFOXFJUNFFYMO,HXFOXFJUNFFYMO,CHEBI:139582,inchikey_auto,connectivity_match,True,"tier1,ablation,tbench"
N-acetylhistidine,CURATION,same-molecule variant (stereo/charge/acid-anion),CHEBI:86910,N-acetylhistidine,KBOJOGQFRVVWBH,CHEBI:16437,N-acetyl-L-histidine,KBOJOGQFRVVWBH,KBOJOGQFRVVWBH,,expert,ambiguous_shared_connectivity,True,
N-acetylneuraminate,CURATION,same-molecule variant (stereo/charge/acid-anion),CHEBI:17012,N-acetylneuraminic acid,SQVRNKJHWKZAKO,CHEBI:45744,N-acetyl-beta-neuraminic acid,SQVRNKJHWKZAKO,SQVRNKJHWKZAKO,,expert,ambiguous_shared_connectivity,True,
N-acetylphenylalanine,CURATION,same-molecule variant (stereo/charge/acid-anion),CHEBI:21626,N-acetylphenylalanine,CBQJSKKFNMDLON,CHEBI:16259,N-acetyl-L-phenylalanine,CBQJSKKFNMDLON,CBQJSKKFNMDLON,,expert,ambiguous_shared_connectivity,True,
N-acetyltryptophan,CURATION,same-molecule variant (stereo/charge/acid-anion),CHEBI:70976,N-acetyltryptophan,DZTHIGRZJZPRDV,CHEBI:74640,N-acetyl-L-tryptophan,DZTHIGRZJZPRDV,DZTHIGRZJZPRDV,,expert,ambiguous_shared_connectivity,True,
N6-methyllysine,CURATION,same-molecule variant (stereo/charge/acid-anion),CHEBI:64349,N(6)-methyllysine,PQNASZJZHFPQLE,CHEBI:17604,N(6)-methyl-L-lysine,PQNASZJZHFPQLE,PQNASZJZHFPQLE,,expert,ambiguous_shared_connectivity,True,
O-sulfo-tyrosine,CURATION,parent/child or substring (generic vs specific),CHEBI:46215,O(4')-sulfo-L-tyrosine,CIQHWLTYGMYQQR,CHEBI:232819,Sulfo-L-tyrosine,,,,expert,query_unresolvable,False,
PROPYL GALLIC ACID,MS2,parent/child or substring (generic vs specific),CHEBI:10607,n-propyl gallate,ZTHYODDOHIVTJV,CHEBI:30778,gallic acid,LNTHITQWFMADLM,QULIOZDJZXKLNY,,expert,no_candidate_matches_query,False,
Paclobutrazol,MS2,same-molecule variant (stereo/charge/acid-anion),CHEBI:139345,"(R,R)-paclobutrazol",RMOGWMIKYWRTKW,CHEBI:139344,"(S,S)-paclobutrazol",RMOGWMIKYWRTKW,RMOGWMIKYWRTKW,,expert,ambiguous_shared_connectivity,False,
Prunasin,MS2,same-molecule variant (stereo/charge/acid-anion),CHEBI:25150,prunasin,ZKSZEJFBGODIJW,CHEBI:17396,(R)-prunasin,ZKSZEJFBGODIJW,ZKSZEJFBGODIJW,,expert,ambiguous_shared_connectivity,True,
S-1-pyrroline-5-carboxylate,CURATION,same-molecule variant (stereo/charge/acid-anion),CHEBI:1372,1-pyrroline-5-carboxylic acid,DWAKNKKXGALPNW,CHEBI:17388,(S)-1-pyrroline-5-carboxylate,DWAKNKKXGALPNW,DWAKNKKXGALPNW,,expert,ambiguous_shared_connectivity,False,
S-methylcysteine,CURATION,same-molecule variant (stereo/charge/acid-anion),CHEBI:229268,Methylcysteine,IDIDJDIHTAOVLG,CHEBI:45658,S-methylcysteine,IDIDJDIHTAOVLG,IDIDJDIHTAOVLG,,expert,ambiguous_shared_connectivity,True,
S-methylmethionine,CURATION,divergent (different compound),CHEBI:67050,S-methyl-L-methioninate,YDBYJHTYSHBBAU,CHEBI:232419,S-methylmethionine,YDBYJHTYSHBBAU,YDBYJHTYSHBBAU,,expert,ambiguous_shared_connectivity,True,
Tropine,MS2,parent/child or substring (generic vs specific),CHEBI:15742,pseudotropine,CYHOMWAPJJPNMW,CHEBI:15884,tropine,CYHOMWAPJJPNMW,CYHOMWAPJJPNMW,,expert,ambiguous_shared_connectivity,False,
Y 26763,MS2,same-molecule variant (stereo/charge/acid-anion),CHEBI:18186,tyrosine,OUYCCCASQSFEME,CHEBI:17895,L-tyrosine,WFTCFVUQORELJZ,IWTCFIIOUXJOOV,,expert,no_candidate_matches_query,False,
acetoacetate,MS2,same-molecule variant (stereo/charge/acid-anion),CHEBI:15344,acetoacetic acid,WDJHALXBUFZDSR,CHEBI:13705,acetoacetate,WDJHALXBUFZDSR,WDJHALXBUFZDSR,,expert,ambiguous_shared_connectivity,True,
aconitate [cis or trans],CURATION,same-molecule variant (stereo/charge/acid-anion),CHEBI:32805,cis-aconitic acid,GTZCVFVGUGFEME,CHEBI:16383,cis-aconitate(3-),GTZCVFVGUGFEME,,,expert,query_unresolvable,True,
anthranilate,CURATION,same-molecule variant (stereo/charge/acid-anion),CHEBI:30754,anthranilic acid,RWZYAGGXGHYGMB,CHEBI:16567,anthranilate,RWZYAGGXGHYGMB,RWZYAGGXGHYGMB,,expert,ambiguous_shared_connectivity,True,
arabinose,CURATION,divergent (different compound),CHEBI:46983,aldehydo-D-arabinose,SRBFZHDQGSBBOR,CHEBI:17535,L-arabinopyranose,SRBFZHDQGSBBOR,PYMYPHUHKUWMLA,,expert,no_candidate_matches_query,True,
arachidonate (20:4n6),CURATION,same-molecule variant (stereo/charge/acid-anion),CHEBI:15843,arachidonic acid,YZXBAPSDXZZRGB,CHEBI:32395,arachidonate,YZXBAPSDXZZRGB,,,expert,query_unresolvable,False,
argininate*,CURATION,same-molecule variant (stereo/charge/acid-anion),CHEBI:90000,Argininic acid,BMFMQGXDDJALKQ,CHEBI:32695,argininate,ODKSFYDXXFIFQN,,,expert,query_unresolvable,False,
arginine,CURATION,multi-id (biomapper ambiguous set),CHEBI:29016,arginine,ODKSFYDXXFIFQN,CHEBI:16467|CHEBI:31235,L-arginine|Arginine hydrochloride,ODKSFYDXXFIFQN|ODKSFYDXXFIFQN,ODKSFYDXXFIFQN,,expert,ambiguous_shared_connectivity,True,
asparagine,CURATION,multi-id (biomapper ambiguous set),CHEBI:22653,asparagine,DCXYFEDJOCDNAF,CHEBI:15724|CHEBI:17196|CHEBI:58048,trimethylamine N-oxide|L-asparagine|L-asparagine zwitterion,DCXYFEDJOCDNAF|DCXYFEDJOCDNAF|DCXYFEDJOCDNAF,DCXYFEDJOCDNAF,,expert,ambiguous_shared_connectivity,True,
aspartate,CURATION,same-molecule variant (stereo/charge/acid-anion),CHEBI:22660,aspartic acid,CKLJMWTZIZZHCS,CHEBI:17053,L-aspartic acid,CKLJMWTZIZZHCS,CKLJMWTZIZZHCS,,expert,ambiguous_shared_connectivity,True,
bicine,MS2,divergent (different compound),CHEBI:39066,[bis(2-hydroxyethyl)ammonio]acetate,FSVCELGFZIQNCK,CHEBI:39065,bicine,FSVCELGFZIQNCK,FSVCELGFZIQNCK,,expert,ambiguous_shared_connectivity,False,
cholate,CURATION,same-molecule variant (stereo/charge/acid-anion),CHEBI:16359,cholic acid,BHQCQFFYRZLCQQ,CHEBI:29747,cholate,BHQCQFFYRZLCQQ,BHQCQFFYRZLCQQ,,expert,ambiguous_shared_connectivity,False,
citrate,MS2,parent/child or substring (generic vs specific),CHEBI:30769,citric acid,NLJMYIDDQXHKNR,CHEBI:50744,citrate salt,KRKNYBCHXYNGOX,KRKNYBCHXYNGOX,CHEBI:50744,inchikey_auto,connectivity_match,True,"tier1,ablation,tbench"
citrulline,CURATION,multi-id (biomapper ambiguous set),CHEBI:18211,citrulline,RHGKLRLOHDJJDR,CHEBI:16349|CHEBI:57743,L-citrulline|L-citrulline zwitterion,RHGKLRLOHDJJDR|RHGKLRLOHDJJDR,RHGKLRLOHDJJDR,,expert,ambiguous_shared_connectivity,True,
cyclo(pro-val),CURATION,divergent (different compound),CHEBI:69439,cyclo(L-Pro-L-Val),XLUAWXQORJEMBD,CHEBI:201644,Cyclo(D-Val-L-Pro),XLUAWXQORJEMBD,XLUAWXQORJEMBD,,expert,ambiguous_shared_connectivity,True,
cystathionine,MS1,same-molecule variant (stereo/charge/acid-anion),CHEBI:17755,cystathionine,ILRYLPWNYFXEMH,CHEBI:17482,L-cystathionine,ILRYLPWNYFXEMH,ILRYLPWNYFXEMH,,expert,ambiguous_shared_connectivity,True,
deoxycholate,CURATION,same-molecule variant (stereo/charge/acid-anion),CHEBI:28834,deoxycholic acid,KXGVEGMKQFWNSR,CHEBI:23614,deoxycholate,KXGVEGMKQFWNSR,KXGVEGMKQFWNSR,,expert,ambiguous_shared_connectivity,True,
deoxycholic acid 12-sulfate*,CURATION,same-molecule variant (stereo/charge/acid-anion),CHEBI:233494,deoxycholic acid 12-sulfate,GMRIQHBJNVMHJA,CHEBI:232726,deoxycholic acid sulfate,IZKWIUMIBAMUCQ,,,expert,query_unresolvable,False,
dihomo-linoleate (20:2n6),CURATION,divergent (different compound),CHEBI:73731,"(11Z,14Z)-icosadienoic acid",XSXIVVZCUAHUJO,CHEBI:88670,Dihomo-linoleate (20:2n6),LNAVIIOBBICBIS,,,expert,query_unresolvable,False,
dihydrobiopterin,MS1,divergent (different compound),CHEBI:43120,"(6R)-L-erythro-6,7-dihydrobiopterin",ZHQJVZLJDXWFFX,CHEBI:43029,"L-erythro-7,8-dihydrobiopterin",FEMXZDUTFRTWPE,FEMXZDUTFRTWPE,CHEBI:43029,inchikey_auto,connectivity_match,True,"tier1,ablation,tbench"
dihydroferulate,MS2,same-molecule variant (stereo/charge/acid-anion),CHEBI:86612,dihydroferulic acid,BOLQJTPHPSDZHR,CHEBI:133751,dihydroferulate,BOLQJTPHPSDZHR,BOLQJTPHPSDZHR,,expert,ambiguous_shared_connectivity,True,
dihydroxyphenylalanine (DOPA),MS1,multi-id (biomapper ambiguous set),CHEBI:49168,dopa,WTDRDQBEARUVNC,CHEBI:15765|CHEBI:192509|CHEBI:57504,L-dopa|foslevodopa|L-dopa zwitterion,WTDRDQBEARUVNC|WTDRDQBEARUVNC|WTDRDQBEARUVNC,,,expert,query_unresolvable,True,
erucate (22:1n9),CURATION,same-molecule variant (stereo/charge/acid-anion),CHEBI:28792,erucic acid,DPUOLQHDNGRHBS,CHEBI:32393,erucate,DPUOLQHDNGRHBS,,,expert,query_unresolvable,True,
eugenol sulfate,CURATION,same-molecule variant (stereo/charge/acid-anion),CHEBI:133570,eugenol sulfate,XWAZTQUZONPJEW,CHEBI:133571,eugenol sulfate(1-),XWAZTQUZONPJEW,XWAZTQUZONPJEW,,expert,ambiguous_shared_connectivity,True,
ferulate,MS2,same-molecule variant (stereo/charge/acid-anion),CHEBI:17620,trans-ferulic acid,KSEBMYQBYZTDHS,CHEBI:29749,trans-ferulate,KSEBMYQBYZTDHS,KSEBMYQBYZTDHS,,expert,ambiguous_shared_connectivity,True,
gamma-aminobutyrate (GABA),MS2,same-molecule variant (stereo/charge/acid-anion),CHEBI:16865,gamma-aminobutyric acid,BTCSSZJGUNDROE,CHEBI:30566,gamma-aminobutyrate,BTCSSZJGUNDROE,,,expert,query_unresolvable,False,
gamma-glutamylalanine,CURATION,divergent (different compound),CHEBI:50621,gamma-glutamylalanine,WQXXXVRAFAKQJM,CHEBI:50619,gamma-Glu-Ala,WQXXXVRAFAKQJM,WQXXXVRAFAKQJM,,expert,ambiguous_shared_connectivity,True,
gluconate,MS2,same-molecule variant (stereo/charge/acid-anion),CHEBI:33198,D-gluconic acid,RGHNJXZEOKUKBD,CHEBI:24265,gluconate,RGHNJXZEOKUKBD,RGHNJXZEOKUKBD,,expert,ambiguous_shared_connectivity,True,
glutamate,CURATION,multi-id (biomapper ambiguous set),CHEBI:18237,glutamic acid,WHUUTDBJXJRKMK,CHEBI:16015|CHEBI:232425|CHEBI:64243|CHEBI:91250,L-glutamic acid|monosodium L-glutamate hydrate|monosodium L-glutamate|disodium L-glutamate,LPUQAYUQRXPFSQ|LPUQAYUQRXPFSQ|LPUQAYUQRXPFSQ|LPUQAYUQRXPFSQ,WHUUTDBJXJRKMK,CHEBI:18237,inchikey_auto,connectivity_match,True,"tier1,ablation,tbench"
glutamine,CURATION,multi-id (biomapper ambiguous set),CHEBI:28300,glutamine,ZDXPYRJPNDTMRX,CHEBI:18050|CHEBI:58359,L-glutamine|L-glutamine zwitterion,ZDXPYRJPNDTMRX|ZDXPYRJPNDTMRX,ZDXPYRJPNDTMRX,,expert,ambiguous_shared_connectivity,True,
glycerate,CURATION,same-molecule variant (stereo/charge/acid-anion),CHEBI:33508,glyceric acid,RBNPOMFGQQGHHO,CHEBI:33871,glycerate,RBNPOMFGQQGHHO,RBNPOMFGQQGHHO,,expert,ambiguous_shared_connectivity,False,
glycerophosphoethanolamine,CURATION,parent/child or substring (generic vs specific),CHEBI:16929,sn-glycero-3-phosphoethanolamine,JZNWSCPGTDBMEW,CHEBI:36314,glycerophosphoethanolamine,JZNWSCPGTDBMEW,JZNWSCPGTDBMEW,,expert,ambiguous_shared_connectivity,False,
glycerophosphoinositol*,CURATION,divergent (different compound),CHEBI:166490,sn-Glycero-3-phosphoinositol,BMVUIWJCUQSHLZ,CHEBI:35771,glycerophosphoinositol phosphate,,,,expert,query_unresolvable,False,
glycochenodeoxycholate,CURATION,same-molecule variant (stereo/charge/acid-anion),CHEBI:36274,glycochenodeoxycholic acid,GHCZAUBVMUEKKP,CHEBI:36252,glycochenodeoxycholate,GHCZAUBVMUEKKP,GHCZAUBVMUEKKP,,expert,ambiguous_shared_connectivity,True,
glycocholate,CURATION,same-molecule variant (stereo/charge/acid-anion),CHEBI:17687,glycocholic acid,RFDAIACWWDREDC,CHEBI:29746,glycocholate,RFDAIACWWDREDC,RFDAIACWWDREDC,,expert,ambiguous_shared_connectivity,True,
glycodeoxycholate,CURATION,same-molecule variant (stereo/charge/acid-anion),CHEBI:27471,glycodeoxycholic acid,WVULKSPCQVQLCU,CHEBI:82982,glycodeoxycholate,WVULKSPCQVQLCU,WVULKSPCQVQLCU,,expert,ambiguous_shared_connectivity,True,
guanidinoacetate,CURATION,same-molecule variant (stereo/charge/acid-anion),CHEBI:16344,guanidinoacetic acid,BPMFZUMJYQTVII,CHEBI:131444,guanidinoacetate,BPMFZUMJYQTVII,BPMFZUMJYQTVII,,expert,ambiguous_shared_connectivity,True,
"gulono-1,4-lactone",MS2,divergent (different compound),CHEBI:177057,D-(-)-Gulono-gamma-lactone,SXZYCXMUPBBULW,CHEBI:17587,"L-gulono-1,4-lactone",SXZYCXMUPBBULW,SXZYCXMUPBBULW,,expert,ambiguous_shared_connectivity,True,
heptanoate (7:0),CURATION,parent/child or substring (generic vs specific),CHEBI:45571,heptanoic acid,MNWFXJYAOYHMED,CHEBI:179775,Heptyl heptanoate,QOIIBPAJVWFEPE,,,expert,query_unresolvable,False,
hexadecadienoate (16:2n6),CURATION,same-molecule variant (stereo/charge/acid-anion),CHEBI:86147,"(7Z,10Z)-hexadecadienoic acid",WPJGPAAPSBVXNU,CHEBI:78096,hexadecadienoate,,,,expert,query_unresolvable,False,
histidine,CURATION,multi-id (biomapper ambiguous set),CHEBI:27570,histidine,HNDVDQJCIGZPNO,CHEBI:15971|CHEBI:57595,L-histidine|L-histidine zwitterion,HNDVDQJCIGZPNO|HNDVDQJCIGZPNO,HNDVDQJCIGZPNO,,expert,ambiguous_shared_connectivity,True,
homoarginine,CURATION,same-molecule variant (stereo/charge/acid-anion),CHEBI:27747,L-homoarginine,QUOGESRFPZDMMT,CHEBI:24606,homoarginine,QUOGESRFPZDMMT,QUOGESRFPZDMMT,,expert,ambiguous_shared_connectivity,True,
homocarnosine,MS1,same-molecule variant (stereo/charge/acid-anion),CHEBI:28050,homocarnosine,CCLQKVKJOGVQLU,CHEBI:85981,L-homocarnosine,CCLQKVKJOGVQLU,CCLQKVKJOGVQLU,,expert,ambiguous_shared_connectivity,True,
homoserine,MS1,same-molecule variant (stereo/charge/acid-anion),CHEBI:30653,homoserine,UKAUYVFTDYCKQA,CHEBI:15699,L-homoserine,UKAUYVFTDYCKQA,UKAUYVFTDYCKQA,,expert,ambiguous_shared_connectivity,True,
iminodiacetate (IDA),CURATION,same-molecule variant (stereo/charge/acid-anion),CHEBI:24786,iminodiacetic acid,NBZBKCUXIYYUSX,CHEBI:24785,iminodiacetate,NBZBKCUXIYYUSX,,,expert,query_unresolvable,True,
indole-3-carboxylate,MS2,same-molecule variant (stereo/charge/acid-anion),CHEBI:24809,indole-3-carboxylic acid,KMAKOBLIOCQGJP,CHEBI:62448,indole-3-carboxylate,KMAKOBLIOCQGJP,KMAKOBLIOCQGJP,,expert,ambiguous_shared_connectivity,True,
indolebutyrate,MS1,parent/child or substring (generic vs specific),CHEBI:33070,indole-3-butyric acid,JTEDVYBZBROSJT,CHEBI:35581,indole,SIKJAQJRHWYJAI,JTEDVYBZBROSJT,CHEBI:33070,inchikey_auto,connectivity_match,False,tier1
kynurenate,CURATION,same-molecule variant (stereo/charge/acid-anion),CHEBI:18344,kynurenic acid,HCZHHEIFKROPDY,CHEBI:58454,kynurenate,HCZHHEIFKROPDY,HCZHHEIFKROPDY,,expert,ambiguous_shared_connectivity,True,
lanthionine,CURATION,same-molecule variant (stereo/charge/acid-anion),CHEBI:25013,lanthionine,DWPCPZJAHOETAG,CHEBI:21347,L-lanthionine,DWPCPZJAHOETAG,DWPCPZJAHOETAG,,expert,ambiguous_shared_connectivity,True,
laurylcarnitine (C12),CURATION,divergent (different compound),CHEBI:77086,O-lauroyl-L-carnitine,FUJLYHJROOYKRA,CHEBI:192727,2-Hydroxyisovalerylcarnitine,FANTUGMIEAASNP,,,expert,query_unresolvable,False,
linoleate (18:2n6),CURATION,same-molecule variant (stereo/charge/acid-anion),CHEBI:17351,linoleic acid,OYHQOLUKZRVURQ,CHEBI:30245,linoleate,OYHQOLUKZRVURQ,,,expert,query_unresolvable,False,
linolenic acid,MS2,multi-id (biomapper ambiguous set),CHEBI:25633,octadecatrienoic acid,ZUUFLXSNVWQOJW,CHEBI:165492|CHEBI:27432,Elaidolinolenic acid|alpha-linolenic acid,DTOSIQBPPRVQHS|DTOSIQBPPRVQHS,DTOSIQBPPRVQHS,,expert,ambiguous_shared_connectivity,False,
lysine,CURATION,multi-id (biomapper ambiguous set),CHEBI:25094,lysine,KDXKERNSBIXSRK,CHEBI:133538|CHEBI:18019|CHEBI:194466|CHEBI:53633|CHEBI:61488,L-lysine zwitterion|L-lysine|L-Lysine zwitterion|L-lysine hydrochloride|poly(lysine) polymer,BVHLGVCQOALMSV|BVHLGVCQOALMSV|BVHLGVCQOALMSV|BVHLGVCQOALMSV|BVHLGVCQOALMSV,KDXKERNSBIXSRK,CHEBI:25094,inchikey_auto,connectivity_match,True,"tier1,ablation,tbench"
lyxonate,CURATION,same-molecule variant (stereo/charge/acid-anion),CHEBI:134538,D-lyxonic acid,QXKAIJAYHKCRRA,CHEBI:145756,lyxonate,,,,expert,query_unresolvable,True,
malate,CURATION,same-molecule variant (stereo/charge/acid-anion),CHEBI:6650,malic acid,BJEPYKJPYRNKOW,CHEBI:30797,(S)-malic acid,BJEPYKJPYRNKOW,BJEPYKJPYRNKOW,,expert,ambiguous_shared_connectivity,False,
mandelate,MS2,same-molecule variant (stereo/charge/acid-anion),CHEBI:35825,mandelic acid,IWYDHOAUDWTVEP,CHEBI:25147,mandelate,IWYDHOAUDWTVEP,IWYDHOAUDWTVEP,,expert,ambiguous_shared_connectivity,True,
margarate (17:0),CURATION,divergent (different compound),CHEBI:32365,heptadecanoic acid,KEMQGTRYUADPNZ,CHEBI:32366,margarate,KEMQGTRYUADPNZ,,,expert,query_unresolvable,False,
menthol,MS1,multi-id (biomapper ambiguous set),CHEBI:15409,(-)-menthol,NOOLISFMXDJSKH,CHEBI:25187|CHEBI:76306,p-menthan-3-ol|(+)-menthol,NOOLISFMXDJSKH|NOOLISFMXDJSKH,NOOLISFMXDJSKH,,expert,ambiguous_shared_connectivity,True,
myristoylcarnitine (C14),CURATION,divergent (different compound),CHEBI:84634,O-tetradecanoyl-L-carnitine,PSHXNVGSVNEJBD,CHEBI:178069,Myristoleoylcarnitine,UXKFXBZBMICOJF,,,expert,query_unresolvable,False,
naringenin,MS1,same-molecule variant (stereo/charge/acid-anion),CHEBI:50202,naringenin,FTVWIRXFELQLPI,CHEBI:17846,(S)-naringenin,FTVWIRXFELQLPI,FTVWIRXFELQLPI,,expert,ambiguous_shared_connectivity,True,
nonadecenoate (19:1),CURATION,parent/child or substring (generic vs specific),CHEBI:83051,(10Z)-nonadec-10-enoic acid,BBOWBNGUEWHNQZ,CHEBI:84965,cholesteryl nonadecenoate,,,,expert,query_unresolvable,True,
octadecanedioate (C18),MS2,same-molecule variant (stereo/charge/acid-anion),CHEBI:133086,octadecanedioic acid,BNJOQKFENDDGSC,CHEBI:133087,octadecanedioate,BNJOQKFENDDGSC,,,expert,query_unresolvable,True,
ornithine,CURATION,same-molecule variant (stereo/charge/acid-anion),CHEBI:18257,ornithine,AHLPHDHHMVZTML,CHEBI:15729,L-ornithine,AHLPHDHHMVZTML,AHLPHDHHMVZTML,,expert,ambiguous_shared_connectivity,True,
phenylacetylglutamine,CURATION,parent/child or substring (generic vs specific),CHEBI:17884,N(2)-phenylacetyl-L-glutamine,JFLIEFSWGNOPJJ,CHEBI:25982,phenylacetylglutamine,JFLIEFSWGNOPJJ,JFLIEFSWGNOPJJ,,expert,ambiguous_shared_connectivity,True,
phenylalanine,CURATION,multi-id (biomapper ambiguous set),CHEBI:28044,phenylalanine,COLNVLDHVKWLRT,CHEBI:17295|CHEBI:58095,L-phenylalanine|L-phenylalanine zwitterion,COLNVLDHVKWLRT|COLNVLDHVKWLRT,COLNVLDHVKWLRT,,expert,ambiguous_shared_connectivity,True,
phenylpropanolamine,MS1,divergent (different compound),CHEBI:8104,phenylpropanolamine,DLNKOYKMWOXYQA,CHEBI:36,(+)-norephedrine,DLNKOYKMWOXYQA,DLNKOYKMWOXYQA,,expert,ambiguous_shared_connectivity,True,
phenylpyruvate,CURATION,parent/child or substring (generic vs specific),CHEBI:30851,keto-phenylpyruvic acid,BTNMPGBKDVTSJY,CHEBI:26008,phenylpyruvate,BTNMPGBKDVTSJY,BTNMPGBKDVTSJY,,expert,ambiguous_shared_connectivity,True,
phosphate,CURATION,multi-id (biomapper ambiguous set),CHEBI:26078,phosphoric acid,NBIIXXVUZAFLBC,CHEBI:18367|CHEBI:26020,phosphate(3-)|phosphate,NBIIXXVUZAFLBC|NBIIXXVUZAFLBC,NBIIXXVUZAFLBC,,expert,ambiguous_shared_connectivity,False,
phytanate,CURATION,parent/child or substring (generic vs specific),CHEBI:16285,phytanic acid,RLCKHJSFHOZMDR,CHEBI:172542,"3D,7D,11D-Phytanic acid",RLCKHJSFHOZMDR,RLCKHJSFHOZMDR,,expert,ambiguous_shared_connectivity,True,
pipecolate,CURATION,same-molecule variant (stereo/charge/acid-anion),CHEBI:17964,pipecolic acid,HXEACLLIILLPRG,CHEBI:36110,pipecolate,HXEACLLIILLPRG,HXEACLLIILLPRG,,expert,ambiguous_shared_connectivity,True,
purine,MS1,parent/child or substring (generic vs specific),CHEBI:17258,7H-purine,KDCGOANMDULRCW,CHEBI:35584,purine,KDCGOANMDULRCW,KDCGOANMDULRCW,,expert,ambiguous_shared_connectivity,True,
pyridoxate,CURATION,same-molecule variant (stereo/charge/acid-anion),CHEBI:17405,4-pyridoxic acid,HXACOUQIXZGNBF,CHEBI:132948,pyridoxate,,,,expert,query_unresolvable,False,
resveratrol,MS2,same-molecule variant (stereo/charge/acid-anion),CHEBI:27881,resveratrol,LUKBXSAWLPMMSZ,CHEBI:45713,trans-resveratrol,LUKBXSAWLPMMSZ,LUKBXSAWLPMMSZ,,expert,ambiguous_shared_connectivity,True,
ribonate,CURATION,same-molecule variant (stereo/charge/acid-anion),CHEBI:21077,D-ribonic acid,QXKAIJAYHKCRRA,CHEBI:33527,ribonate,QXKAIJAYHKCRRA,QXKAIJAYHKCRRA,,expert,ambiguous_shared_connectivity,True,
sepiapterin,MS1,same-molecule variant (stereo/charge/acid-anion),CHEBI:16095,sepiapterin,VPVOXUSPXFPWBN,CHEBI:194527,L-sepiapterin,VPVOXUSPXFPWBN,VPVOXUSPXFPWBN,,expert,ambiguous_shared_connectivity,True,
serine,CURATION,multi-id (biomapper ambiguous set),CHEBI:17822,serine,MTCFGRXMJLQNBG,CHEBI:16523|CHEBI:17115|CHEBI:33384,D-serine|L-serine|L-serine zwitterion,MTCFGRXMJLQNBG|MTCFGRXMJLQNBG|MTCFGRXMJLQNBG,MTCFGRXMJLQNBG,,expert,ambiguous_shared_connectivity,False,
sorbate,MS2,same-molecule variant (stereo/charge/acid-anion),CHEBI:35962,sorbic acid,WSWCOQWTEOXDQX,CHEBI:36550,sorbate,WSWCOQWTEOXDQX,WSWCOQWTEOXDQX,,expert,ambiguous_shared_connectivity,False,
sphinganine-1-phosphate,CURATION,same-molecule variant (stereo/charge/acid-anion),CHEBI:16893,sphinganine 1-phosphate,YHEDRJPUIRMZMP,CHEBI:57939,sphinganine 1-phosphate(1-),YHEDRJPUIRMZMP,YHEDRJPUIRMZMP,,expert,ambiguous_shared_connectivity,True,
syringaresinol,MS2,same-molecule variant (stereo/charge/acid-anion),CHEBI:49211,syringaresinol,KOWMJRJXZMEZLD,CHEBI:47,(+)-syringaresinol,KOWMJRJXZMEZLD,KOWMJRJXZMEZLD,,expert,ambiguous_shared_connectivity,True,
tagatose,MS1,parent/child or substring (generic vs specific),CHEBI:47693,keto-D-tagatose,LKDRXBCSQODPBY,CHEBI:33954,tagatose,LKDRXBCSQODPBY,LKDRXBCSQODPBY,,expert,ambiguous_shared_connectivity,True,
tartronate (hydroxymalonate),CURATION,same-molecule variant (stereo/charge/acid-anion),CHEBI:16513,hydroxymalonic acid,ROBFUDYVXSDBQM,CHEBI:17649,hydroxymalonate(2-),ROBFUDYVXSDBQM,,,expert,query_unresolvable,True,
taurochenodeoxycholate,CURATION,same-molecule variant (stereo/charge/acid-anion),CHEBI:16525,taurochenodeoxycholic acid,BHTRKEVKTKCXOH,CHEBI:9407,taurochenodeoxycholate,BHTRKEVKTKCXOH,BHTRKEVKTKCXOH,,expert,ambiguous_shared_connectivity,True,
thioproline,CURATION,same-molecule variant (stereo/charge/acid-anion),CHEBI:64564,thioproline,DZLNHFMRPBPULJ,CHEBI:45171,L-thioproline,DZLNHFMRPBPULJ,DZLNHFMRPBPULJ,,expert,ambiguous_shared_connectivity,True,
threonate,CURATION,same-molecule variant (stereo/charge/acid-anion),CHEBI:15908,L-threonic acid,JPIJQSOTBSSVTP,CHEBI:15243,threonate,JPIJQSOTBSSVTP,JPIJQSOTBSSVTP,,expert,ambiguous_shared_connectivity,False,
trans-urocanate,CURATION,same-molecule variant (stereo/charge/acid-anion),CHEBI:27248,urocanic acid,LOIYMIARKYCTBW,CHEBI:30817,trans-urocanic acid,LOIYMIARKYCTBW,LOIYMIARKYCTBW,,expert,ambiguous_shared_connectivity,True,
trehalose,MS2,same-molecule variant (stereo/charge/acid-anion),CHEBI:27082,trehalose,HDTRYLNUVZCQOY,CHEBI:16551,"alpha,alpha-trehalose",HDTRYLNUVZCQOY,HDTRYLNUVZCQOY,,expert,ambiguous_shared_connectivity,True,
tryptophan,CURATION,multi-id (biomapper ambiguous set),CHEBI:27897,tryptophan,WUGMRIBZSVSJNP,CHEBI:16828|CHEBI:57719|CHEBI:57912,L-tryptophan|D-tryptophan zwitterion|L-tryptophan zwitterion,QIVBCDIJIAJPQS|QIVBCDIJIAJPQS|QIVBCDIJIAJPQS,QIVBCDIJIAJPQS,,expert,ambiguous_shared_connectivity,True,
tyrosine,CURATION,same-molecule variant (stereo/charge/acid-anion),CHEBI:18186,tyrosine,OUYCCCASQSFEME,CHEBI:17895,L-tyrosine,WFTCFVUQORELJZ,OUYCCCASQSFEME,CHEBI:18186,inchikey_auto,connectivity_match,True,"tier1,ablation,tbench"
undecanoate (11:0),CURATION,same-molecule variant (stereo/charge/acid-anion),CHEBI:32368,undecanoic acid,ZDPHROOEEOARMN,CHEBI:32369,undecanoate,ZDPHROOEEOARMN,,,expert,query_unresolvable,True,
valine,CURATION,multi-id (biomapper ambiguous set),CHEBI:27266,valine,KZSNJWFQEVHDMF,CHEBI:16414|CHEBI:57762,L-valine|L-valine zwitterion,KZSNJWFQEVHDMF|KZSNJWFQEVHDMF,KZSNJWFQEVHDMF,,expert,ambiguous_shared_connectivity,True,
